[
  {
    "id": "gsh-2100-1a",
    "brand": "G-SHOCK",
    "name": "G-SHOCK GA-2100-1A \"CasiOak\"",
    "price": 99.0,
    "compareAt": 119.0,
    "image": "https://images.unsplash.com/photo-1597645587822-e99fa5d45d25?q=80&w=1200&auto=format&fit=crop",
    "tags": [
      "resin",
      "analog-digital",
      "200m"
    ]
  },
  {
    "id": "gsh-mudman",
    "brand": "G-SHOCK",
    "name": "G-SHOCK Mudman G9000",
    "price": 129.0,
    "compareAt": 149.0,
    "image": "https://images.unsplash.com/photo-1568660357751-fc469fdbcd09?q=80&w=1200&auto=format&fit=crop",
    "tags": [
      "shock-resistant",
      "outdoor"
    ]
  },
  {
    "id": "gsh-square",
    "brand": "G-SHOCK",
    "name": "G-SHOCK DW-5600E-1V Classic",
    "price": 69.0,
    "compareAt": 99.0,
    "image": "https://images.unsplash.com/photo-1539880220545-b5d36a8f4b3e?q=80&w=1200&auto=format&fit=crop",
    "tags": [
      "square",
      "classic"
    ]
  },
  {
    "id": "casio-edifice",
    "brand": "CASIO",
    "name": "Casio Edifice EFV-100D",
    "price": 109.0,
    "compareAt": 139.0,
    "image": "https://images.unsplash.com/photo-1524805444758-089113d48a6d?q=80&w=1200&auto=format&fit=crop",
    "tags": [
      "stainless",
      "dress"
    ]
  },
  {
    "id": "seiko5-sports",
    "brand": "SEIKO",
    "name": "Seiko 5 Sports SRPD55",
    "price": 199.0,
    "compareAt": 249.0,
    "image": "https://images.unsplash.com/photo-1609840170837-7a2992a2c24f?q=80&w=1200&auto=format&fit=crop",
    "tags": [
      "automatic",
      "diver"
    ]
  },
  {
    "id": "orient-bambino",
    "brand": "ORIENT",
    "name": "Orient Bambino V4",
    "price": 139.0,
    "compareAt": 189.0,
    "image": "https://images.unsplash.com/photo-1514890547357-a9ee0bcb6d5a?q=80&w=1200&auto=format&fit=crop",
    "tags": [
      "dress",
      "automatic"
    ]
  }
]